hdr,raw,xml,jpg
030406-20x-roi1.hdr,030406-20x-roi1.raw,030406-20x-roi1.xml,030406-20x-roi1.jpg
030406-20x-roi2.hdr,030406-20x-roi2.raw,030406-20x-roi2.xml,030406-20x-roi2.jpg
030406-20x-roi5.hdr,030406-20x-roi5.raw,030406-20x-roi5.xml,030406-20x-roi5.jpg
030406-20x-roi6.hdr,030406-20x-roi6.raw,030406-20x-roi6.xml,030406-20x-roi6.jpg
030406c-20x-roi1.hdr,030406c-20x-roi1.raw,030406c-20x-roi1.xml,030406c-20x-roi1.jpg
030406c-20x-roi4.hdr,030406c-20x-roi4.raw,030406c-20x-roi4.xml,030406c-20x-roi4.jpg
030406c-20x-roi6.hdr,030406c-20x-roi6.raw,030406c-20x-roi6.xml,030406c-20x-roi6.jpg
030406c_2-20x-roi1.hdr,030406c_2-20x-roi1.raw,030406c_2-20x-roi1.xml,030406c_2-20x-roi1.jpg
030406c_2-20x-roi2.hdr,030406c_2-20x-roi2.raw,030406c_2-20x-roi2.xml,030406c_2-20x-roi2.jpg
030406c_2-20x-roi5.hdr,030406c_2-20x-roi5.raw,030406c_2-20x-roi5.xml,030406c_2-20x-roi5.jpg
030447-20x-roi4.hdr,030447-20x-roi4.raw,030447-20x-roi4.xml,030447-20x-roi4.jpg
030447-20x-roi5.hdr,030447-20x-roi5.raw,030447-20x-roi5.xml,030447-20x-roi5.jpg
030907-20x-roi3.hdr,030907-20x-roi3.raw,030907-20x-roi3.xml,030907-20x-roi3.jpg
030907-20x-roi4.hdr,030907-20x-roi4.raw,030907-20x-roi4.xml,030907-20x-roi4.jpg
030907-20x-roi5.hdr,030907-20x-roi5.raw,030907-20x-roi5.xml,030907-20x-roi5.jpg
030907c-20x-roi2.hdr,030907c-20x-roi2.raw,030907c-20x-roi2.xml,030907c-20x-roi2.jpg
030907c-20x-roi3.hdr,030907c-20x-roi3.raw,030907c-20x-roi3.xml,030907c-20x-roi3.jpg
030907c-20x-roi5.hdr,030907c-20x-roi5.raw,030907c-20x-roi5.xml,030907c-20x-roi5.jpg
030907c-20x-roi6.hdr,030907c-20x-roi6.raw,030907c-20x-roi6.xml,030907c-20x-roi6.jpg
030968-20x-roi1.hdr,030968-20x-roi1.raw,030968-20x-roi1.xml,030968-20x-roi1.jpg
030968-20x-roi2.hdr,030968-20x-roi2.raw,030968-20x-roi2.xml,030968-20x-roi2.jpg
030968-20x-roi5.hdr,030968-20x-roi5.raw,030968-20x-roi5.xml,030968-20x-roi5.jpg
030968-20x-roi6.hdr,030968-20x-roi6.raw,030968-20x-roi6.xml,030968-20x-roi6.jpg
030968_2-20x-roi1.hdr,030968_2-20x-roi1.raw,030968_2-20x-roi1.xml,030968_2-20x-roi1.jpg
030968_2-20x-roi5.hdr,030968_2-20x-roi5.raw,030968_2-20x-roi5.xml,030968_2-20x-roi5.jpg
030968_2-20x-roi6.hdr,030968_2-20x-roi6.raw,030968_2-20x-roi6.xml,030968_2-20x-roi6.jpg
030979-20x-roi2.hdr,030979-20x-roi2.raw,030979-20x-roi2.xml,030979-20x-roi2.jpg
030979-20x-roi3.hdr,030979-20x-roi3.raw,030979-20x-roi3.xml,030979-20x-roi3.jpg
030979-20x-roi5.hdr,030979-20x-roi5.raw,030979-20x-roi5.xml,030979-20x-roi5.jpg
030979-20x-roi6.hdr,030979-20x-roi6.raw,030979-20x-roi6.xml,030979-20x-roi6.jpg
031368-20x-roi10.hdr,031368-20x-roi10.raw,031368-20x-roi10.xml,031368-20x-roi10.jpg
031368-20x-roi2.hdr,031368-20x-roi2.raw,031368-20x-roi2.xml,031368-20x-roi2.jpg
031368-20x-roi3.hdr,031368-20x-roi3.raw,031368-20x-roi3.xml,031368-20x-roi3.jpg
031368-20x-roi4.hdr,031368-20x-roi4.raw,031368-20x-roi4.xml,031368-20x-roi4.jpg
031368-20x-roi6.hdr,031368-20x-roi6.raw,031368-20x-roi6.xml,031368-20x-roi6.jpg
031368-20x-roi7.hdr,031368-20x-roi7.raw,031368-20x-roi7.xml,031368-20x-roi7.jpg
031368c-20x-roi2.hdr,031368c-20x-roi2.raw,031368c-20x-roi2.xml,031368c-20x-roi2.jpg
031368c-20x-roi3.hdr,031368c-20x-roi3.raw,031368c-20x-roi3.xml,031368c-20x-roi3.jpg
031368c-20x-roi5.hdr,031368c-20x-roi5.raw,031368c-20x-roi5.xml,031368c-20x-roi5.jpg
031541-20x-roi5.hdr,031541-20x-roi5.raw,031541-20x-roi5.xml,031541-20x-roi5.jpg
031541_2-20x-roi1.hdr,031541_2-20x-roi1.raw,031541_2-20x-roi1.xml,031541_2-20x-roi1.jpg
031541_2-20x-roi2.hdr,031541_2-20x-roi2.raw,031541_2-20x-roi2.xml,031541_2-20x-roi2.jpg
031541_2-20x-roi4.hdr,031541_2-20x-roi4.raw,031541_2-20x-roi4.xml,031541_2-20x-roi4.jpg
031541_2-20x-roi6.hdr,031541_2-20x-roi6.raw,031541_2-20x-roi6.xml,031541_2-20x-roi6.jpg
031541c-20x-roi3.hdr,031541c-20x-roi3.raw,031541c-20x-roi3.xml,031541c-20x-roi3.jpg
031541c-20x-roi6.hdr,031541c-20x-roi6.raw,031541c-20x-roi6.xml,031541c-20x-roi6.jpg
031541vtc-20x-roi1.hdr,031541vtc-20x-roi1.raw,031541vtc-20x-roi1.xml,031541vtc-20x-roi1.jpg
031541vtc-20x-roi4.hdr,031541vtc-20x-roi4.raw,031541vtc-20x-roi4.xml,031541vtc-20x-roi4.jpg
031541vtc-20x-roi5.hdr,031541vtc-20x-roi5.raw,031541vtc-20x-roi5.xml,031541vtc-20x-roi5.jpg
032112-20x-roi1.hdr,032112-20x-roi1.raw,032112-20x-roi1.xml,032112-20x-roi1.jpg
032112-20x-roi2.hdr,032112-20x-roi2.raw,032112-20x-roi2.xml,032112-20x-roi2.jpg
032112-20x-roi3.hdr,032112-20x-roi3.raw,032112-20x-roi3.xml,032112-20x-roi3.jpg
032112-20x-roi4.hdr,032112-20x-roi4.raw,032112-20x-roi4.xml,032112-20x-roi4.jpg
032112-20x-roi5.hdr,032112-20x-roi5.raw,032112-20x-roi5.xml,032112-20x-roi5.jpg
032112-20x-roi6.hdr,032112-20x-roi6.raw,032112-20x-roi6.xml,032112-20x-roi6.jpg
032112-20x-roi7.hdr,032112-20x-roi7.raw,032112-20x-roi7.xml,032112-20x-roi7.jpg
032112c-20x-roi5.hdr,032112c-20x-roi5.raw,032112c-20x-roi5.xml,032112c-20x-roi5.jpg
032112c-20x-roi6.hdr,032112c-20x-roi6.raw,032112c-20x-roi6.xml,032112c-20x-roi6.jpg
032236-20x-roi1.hdr,032236-20x-roi1.raw,032236-20x-roi1.xml,032236-20x-roi1.jpg
032236-20x-roi2.hdr,032236-20x-roi2.raw,032236-20x-roi2.xml,032236-20x-roi2.jpg
032236-20x-roi3.hdr,032236-20x-roi3.raw,032236-20x-roi3.xml,032236-20x-roi3.jpg
032236-20x-roi4.hdr,032236-20x-roi4.raw,032236-20x-roi4.xml,032236-20x-roi4.jpg
032236-20x-roi5.hdr,032236-20x-roi5.raw,032236-20x-roi5.xml,032236-20x-roi5.jpg
032236-20x-roi6.hdr,032236-20x-roi6.raw,032236-20x-roi6.xml,032236-20x-roi6.jpg
032236c-20x-roi3.hdr,032236c-20x-roi3.raw,032236c-20x-roi3.xml,032236c-20x-roi3.jpg
032236c-20x-roi5.hdr,032236c-20x-roi5.raw,032236c-20x-roi5.xml,032236c-20x-roi5.jpg
032370b_2-20x-roi6.hdr,032370b_2-20x-roi6.raw,032370b_2-20x-roi6.xml,032370b_2-20x-roi6.jpg
032546-20x-roi1.hdr,032546-20x-roi1.raw,032546-20x-roi1.xml,032546-20x-roi1.jpg
032546-20x-roi2.hdr,032546-20x-roi2.raw,032546-20x-roi2.xml,032546-20x-roi2.jpg
032546-20x-roi3.hdr,032546-20x-roi3.raw,032546-20x-roi3.xml,032546-20x-roi3.jpg
032546-20x-roi5.hdr,032546-20x-roi5.raw,032546-20x-roi5.xml,032546-20x-roi5.jpg
032814c-20x-roi1.hdr,032814c-20x-roi1.raw,032814c-20x-roi1.xml,032814c-20x-roi1.jpg
032814c-20x-roi2.hdr,032814c-20x-roi2.raw,032814c-20x-roi2.xml,032814c-20x-roi2.jpg
032814c-20x-roi3.hdr,032814c-20x-roi3.raw,032814c-20x-roi3.xml,032814c-20x-roi3.jpg
032814c-20x-roi4.hdr,032814c-20x-roi4.raw,032814c-20x-roi4.xml,032814c-20x-roi4.jpg
032814c-20x-roi5.hdr,032814c-20x-roi5.raw,032814c-20x-roi5.xml,032814c-20x-roi5.jpg
032814c-20x-roi6.hdr,032814c-20x-roi6.raw,032814c-20x-roi6.xml,032814c-20x-roi6.jpg
032979-20x-roi3.hdr,032979-20x-roi3.raw,032979-20x-roi3.xml,032979-20x-roi3.jpg
032979-20x-roi5.hdr,032979-20x-roi5.raw,032979-20x-roi5.xml,032979-20x-roi5.jpg
032979-20x-roi6.hdr,032979-20x-roi6.raw,032979-20x-roi6.xml,032979-20x-roi6.jpg
032979_2-20x-roi1.hdr,032979_2-20x-roi1.raw,032979_2-20x-roi1.xml,032979_2-20x-roi1.jpg
032979_2-20x-roi2.hdr,032979_2-20x-roi2.raw,032979_2-20x-roi2.xml,032979_2-20x-roi2.jpg
032979_2-20x-roi3.hdr,032979_2-20x-roi3.raw,032979_2-20x-roi3.xml,032979_2-20x-roi3.jpg
032979_2-20x-roi4.hdr,032979_2-20x-roi4.raw,032979_2-20x-roi4.xml,032979_2-20x-roi4.jpg
032979_2-20x-roi5.hdr,032979_2-20x-roi5.raw,032979_2-20x-roi5.xml,032979_2-20x-roi5.jpg
032979c-20x-roi3.hdr,032979c-20x-roi3.raw,032979c-20x-roi3.xml,032979c-20x-roi3.jpg
032979c-20x-roi4.hdr,032979c-20x-roi4.raw,032979c-20x-roi4.xml,032979c-20x-roi4.jpg
032979c-20x-roi5.hdr,032979c-20x-roi5.raw,032979c-20x-roi5.xml,032979c-20x-roi5.jpg
032979l-20x-roi1.hdr,032979l-20x-roi1.raw,032979l-20x-roi1.xml,032979l-20x-roi1.jpg
032979l-20x-roi4.hdr,032979l-20x-roi4.raw,032979l-20x-roi4.xml,032979l-20x-roi4.jpg
032979l-20x-roi5.hdr,032979l-20x-roi5.raw,032979l-20x-roi5.xml,032979l-20x-roi5.jpg
032979l-20x-roi6.hdr,032979l-20x-roi6.raw,032979l-20x-roi6.xml,032979l-20x-roi6.jpg
033629-20x-roi1.hdr,033629-20x-roi1.raw,033629-20x-roi1.xml,033629-20x-roi1.jpg
033629-20x-roi10.hdr,033629-20x-roi10.raw,033629-20x-roi10.xml,033629-20x-roi10.jpg
033629-20x-roi2.hdr,033629-20x-roi2.raw,033629-20x-roi2.xml,033629-20x-roi2.jpg
033629-20x-roi3.hdr,033629-20x-roi3.raw,033629-20x-roi3.xml,033629-20x-roi3.jpg
033629-20x-roi4.hdr,033629-20x-roi4.raw,033629-20x-roi4.xml,033629-20x-roi4.jpg
033629-20x-roi5.hdr,033629-20x-roi5.raw,033629-20x-roi5.xml,033629-20x-roi5.jpg
033629-20x-roi6.hdr,033629-20x-roi6.raw,033629-20x-roi6.xml,033629-20x-roi6.jpg
033629-20x-roi7.hdr,033629-20x-roi7.raw,033629-20x-roi7.xml,033629-20x-roi7.jpg
033629-20x-roi8.hdr,033629-20x-roi8.raw,033629-20x-roi8.xml,033629-20x-roi8.jpg
033629-20x-roi9.hdr,033629-20x-roi9.raw,033629-20x-roi9.xml,033629-20x-roi9.jpg
033629_2-20x-roi1.hdr,033629_2-20x-roi1.raw,033629_2-20x-roi1.xml,033629_2-20x-roi1.jpg
033629_2-20x-roi2.hdr,033629_2-20x-roi2.raw,033629_2-20x-roi2.xml,033629_2-20x-roi2.jpg
033629_2-20x-roi3.hdr,033629_2-20x-roi3.raw,033629_2-20x-roi3.xml,033629_2-20x-roi3.jpg
033629_2-20x-roi4.hdr,033629_2-20x-roi4.raw,033629_2-20x-roi4.xml,033629_2-20x-roi4.jpg
033629_2-20x-roi5.hdr,033629_2-20x-roi5.raw,033629_2-20x-roi5.xml,033629_2-20x-roi5.jpg
033629_3-20x-roi1.hdr,033629_3-20x-roi1.raw,033629_3-20x-roi1.xml,033629_3-20x-roi1.jpg
033629_3-20x-roi2.hdr,033629_3-20x-roi2.raw,033629_3-20x-roi2.xml,033629_3-20x-roi2.jpg
033629_3-20x-roi3.hdr,033629_3-20x-roi3.raw,033629_3-20x-roi3.xml,033629_3-20x-roi3.jpg
033629_3-20x-roi4.hdr,033629_3-20x-roi4.raw,033629_3-20x-roi4.xml,033629_3-20x-roi4.jpg
033629_3-20x-roi5.hdr,033629_3-20x-roi5.raw,033629_3-20x-roi5.xml,033629_3-20x-roi5.jpg
033629_3-20x-roi6.hdr,033629_3-20x-roi6.raw,033629_3-20x-roi6.xml,033629_3-20x-roi6.jpg
033805a-20x-roi2.hdr,033805a-20x-roi2.raw,033805a-20x-roi2.xml,033805a-20x-roi2.jpg
033808-20x-roi4.hdr,033808-20x-roi4.raw,033808-20x-roi4.xml,033808-20x-roi4.jpg
033850c-20x-roi3.hdr,033850c-20x-roi3.raw,033850c-20x-roi3.xml,033850c-20x-roi3.jpg
033850c-20x-roi5.hdr,033850c-20x-roi5.raw,033850c-20x-roi5.xml,033850c-20x-roi5.jpg
033850c-20x-roi6.hdr,033850c-20x-roi6.raw,033850c-20x-roi6.xml,033850c-20x-roi6.jpg
033908-2-20x-roi1.hdr,033908-2-20x-roi1.raw,033908-2-20x-roi1.xml,033908-2-20x-roi1.jpg
033908-2-20x-roi2.hdr,033908-2-20x-roi2.raw,033908-2-20x-roi2.xml,033908-2-20x-roi2.jpg
033908-2-20x-roi3.hdr,033908-2-20x-roi3.raw,033908-2-20x-roi3.xml,033908-2-20x-roi3.jpg
033908-2-20x-roi5.hdr,033908-2-20x-roi5.raw,033908-2-20x-roi5.xml,033908-2-20x-roi5.jpg
033908-2-20x-roi6.hdr,033908-2-20x-roi6.raw,033908-2-20x-roi6.xml,033908-2-20x-roi6.jpg
033908-20x-roi1.hdr,033908-20x-roi1.raw,033908-20x-roi1.xml,033908-20x-roi1.jpg
033908-20x-roi10.hdr,033908-20x-roi10.raw,033908-20x-roi10.xml,033908-20x-roi10.jpg
033908-20x-roi5.hdr,033908-20x-roi5.raw,033908-20x-roi5.xml,033908-20x-roi5.jpg
033908-20x-roi6.hdr,033908-20x-roi6.raw,033908-20x-roi6.xml,033908-20x-roi6.jpg
033908-20x-roi7.hdr,033908-20x-roi7.raw,033908-20x-roi7.xml,033908-20x-roi7.jpg
033908-20x-roi8.hdr,033908-20x-roi8.raw,033908-20x-roi8.xml,033908-20x-roi8.jpg
033908_2-20x-roi1.hdr,033908_2-20x-roi1.raw,033908_2-20x-roi1.xml,033908_2-20x-roi1.jpg
033908_2-20x-roi3.hdr,033908_2-20x-roi3.raw,033908_2-20x-roi3.xml,033908_2-20x-roi3.jpg
033908_2-20x-roi4.hdr,033908_2-20x-roi4.raw,033908_2-20x-roi4.xml,033908_2-20x-roi4.jpg
033908_2-20x-roi5.hdr,033908_2-20x-roi5.raw,033908_2-20x-roi5.xml,033908_2-20x-roi5.jpg
033908_2-20x-roi6.hdr,033908_2-20x-roi6.raw,033908_2-20x-roi6.xml,033908_2-20x-roi6.jpg
033908_3-20x-roi1.hdr,033908_3-20x-roi1.raw,033908_3-20x-roi1.xml,033908_3-20x-roi1.jpg
033908_3-20x-roi2.hdr,033908_3-20x-roi2.raw,033908_3-20x-roi2.xml,033908_3-20x-roi2.jpg
033908_3-20x-roi3.hdr,033908_3-20x-roi3.raw,033908_3-20x-roi3.xml,033908_3-20x-roi3.jpg
033908_3-20x-roi4.hdr,033908_3-20x-roi4.raw,033908_3-20x-roi4.xml,033908_3-20x-roi4.jpg
033908_3-20x-roi5.hdr,033908_3-20x-roi5.raw,033908_3-20x-roi5.xml,033908_3-20x-roi5.jpg
033908_3-20x-roi6.hdr,033908_3-20x-roi6.raw,033908_3-20x-roi6.xml,033908_3-20x-roi6.jpg
033942-20x-roi1.hdr,033942-20x-roi1.raw,033942-20x-roi1.xml,033942-20x-roi1.jpg
033942-20x-roi10.hdr,033942-20x-roi10.raw,033942-20x-roi10.xml,033942-20x-roi10.jpg
033942-20x-roi2.hdr,033942-20x-roi2.raw,033942-20x-roi2.xml,033942-20x-roi2.jpg
033942-20x-roi3.hdr,033942-20x-roi3.raw,033942-20x-roi3.xml,033942-20x-roi3.jpg
033942-20x-roi4.hdr,033942-20x-roi4.raw,033942-20x-roi4.xml,033942-20x-roi4.jpg
033942-20x-roi7.hdr,033942-20x-roi7.raw,033942-20x-roi7.xml,033942-20x-roi7.jpg
033942-20x-roi8.hdr,033942-20x-roi8.raw,033942-20x-roi8.xml,033942-20x-roi8.jpg
033942-20x-roi9.hdr,033942-20x-roi9.raw,033942-20x-roi9.xml,033942-20x-roi9.jpg
033942c-20x-roi2.hdr,033942c-20x-roi2.raw,033942c-20x-roi2.xml,033942c-20x-roi2.jpg
033942c-20x-roi4.hdr,033942c-20x-roi4.raw,033942c-20x-roi4.xml,033942c-20x-roi4.jpg
033942c-20x-roi5.hdr,033942c-20x-roi5.raw,033942c-20x-roi5.xml,033942c-20x-roi5.jpg
033942c-20x-roi6.hdr,033942c-20x-roi6.raw,033942c-20x-roi6.xml,033942c-20x-roi6.jpg
034004a2-20x-roi1.hdr,034004a2-20x-roi1.raw,034004a2-20x-roi1.xml,034004a2-20x-roi1.jpg
034004a2-20x-roi2.hdr,034004a2-20x-roi2.raw,034004a2-20x-roi2.xml,034004a2-20x-roi2.jpg
034004a2-20x-roi3.hdr,034004a2-20x-roi3.raw,034004a2-20x-roi3.xml,034004a2-20x-roi3.jpg
034004a2-20x-roi4.hdr,034004a2-20x-roi4.raw,034004a2-20x-roi4.xml,034004a2-20x-roi4.jpg
034004a2-20x-roi5.hdr,034004a2-20x-roi5.raw,034004a2-20x-roi5.xml,034004a2-20x-roi5.jpg
034080-20x-roi4.hdr,034080-20x-roi4.raw,034080-20x-roi4.xml,034080-20x-roi4.jpg
034080-20x-roi5.hdr,034080-20x-roi5.raw,034080-20x-roi5.xml,034080-20x-roi5.jpg
034080_2-20x-roi1.hdr,034080_2-20x-roi1.raw,034080_2-20x-roi1.xml,034080_2-20x-roi1.jpg
034080_2-20x-roi4.hdr,034080_2-20x-roi4.raw,034080_2-20x-roi4.xml,034080_2-20x-roi4.jpg
034080_2-20x-roi5.hdr,034080_2-20x-roi5.raw,034080_2-20x-roi5.xml,034080_2-20x-roi5.jpg
034080_2-20x-roi6.hdr,034080_2-20x-roi6.raw,034080_2-20x-roi6.xml,034080_2-20x-roi6.jpg
034080_3-20x-roi2.hdr,034080_3-20x-roi2.raw,034080_3-20x-roi2.xml,034080_3-20x-roi2.jpg
034080_3-20x-roi3.hdr,034080_3-20x-roi3.raw,034080_3-20x-roi3.xml,034080_3-20x-roi3.jpg
034247-20x-roi1.hdr,034247-20x-roi1.raw,034247-20x-roi1.xml,034247-20x-roi1.jpg
034247-20x-roi10.hdr,034247-20x-roi10.raw,034247-20x-roi10.xml,034247-20x-roi10.jpg
034247-20x-roi2.hdr,034247-20x-roi2.raw,034247-20x-roi2.xml,034247-20x-roi2.jpg
034247-20x-roi3.hdr,034247-20x-roi3.raw,034247-20x-roi3.xml,034247-20x-roi3.jpg
034247-20x-roi5.hdr,034247-20x-roi5.raw,034247-20x-roi5.xml,034247-20x-roi5.jpg
034247-20x-roi7.hdr,034247-20x-roi7.raw,034247-20x-roi7.xml,034247-20x-roi7.jpg
034247-20x-roi9.hdr,034247-20x-roi9.raw,034247-20x-roi9.xml,034247-20x-roi9.jpg
034247_2-20x-roi3.hdr,034247_2-20x-roi3.raw,034247_2-20x-roi3.xml,034247_2-20x-roi3.jpg
034250-20x-roi1.hdr,034250-20x-roi1.raw,034250-20x-roi1.xml,034250-20x-roi1.jpg
034250-20x-roi2.hdr,034250-20x-roi2.raw,034250-20x-roi2.xml,034250-20x-roi2.jpg
034250-20x-roi4.hdr,034250-20x-roi4.raw,034250-20x-roi4.xml,034250-20x-roi4.jpg
034429-20x-roi4.hdr,034429-20x-roi4.raw,034429-20x-roi4.xml,034429-20x-roi4.jpg
034429-20x-roi5.hdr,034429-20x-roi5.raw,034429-20x-roi5.xml,034429-20x-roi5.jpg
034653-20x-roi10.hdr,034653-20x-roi10.raw,034653-20x-roi10.xml,034653-20x-roi10.jpg
034653-20x-roi2.hdr,034653-20x-roi2.raw,034653-20x-roi2.xml,034653-20x-roi2.jpg
034653-20x-roi3.hdr,034653-20x-roi3.raw,034653-20x-roi3.xml,034653-20x-roi3.jpg
034653-20x-roi8.hdr,034653-20x-roi8.raw,034653-20x-roi8.xml,034653-20x-roi8.jpg
040037-20x-roi1.hdr,040037-20x-roi1.raw,040037-20x-roi1.xml,040037-20x-roi1.jpg
040037-20x-roi3.hdr,040037-20x-roi3.raw,040037-20x-roi3.xml,040037-20x-roi3.jpg
040037-20x-roi4.hdr,040037-20x-roi4.raw,040037-20x-roi4.xml,040037-20x-roi4.jpg
040126_2-20x-roi1.hdr,040126_2-20x-roi1.raw,040126_2-20x-roi1.xml,040126_2-20x-roi1.jpg
040126_2-20x-roi2.hdr,040126_2-20x-roi2.raw,040126_2-20x-roi2.xml,040126_2-20x-roi2.jpg
040126_2-20x-roi3.hdr,040126_2-20x-roi3.raw,040126_2-20x-roi3.xml,040126_2-20x-roi3.jpg
040126_2-20x-roi4.hdr,040126_2-20x-roi4.raw,040126_2-20x-roi4.xml,040126_2-20x-roi4.jpg
040126_2-20x-roi5.hdr,040126_2-20x-roi5.raw,040126_2-20x-roi5.xml,040126_2-20x-roi5.jpg
040186-20x-roi2.hdr,040186-20x-roi2.raw,040186-20x-roi2.xml,040186-20x-roi2.jpg
040186-20x-roi5.hdr,040186-20x-roi5.raw,040186-20x-roi5.xml,040186-20x-roi5.jpg
040483-20x-roi1.hdr,040483-20x-roi1.raw,040483-20x-roi1.xml,040483-20x-roi1.jpg
040483-20x-roi2.hdr,040483-20x-roi2.raw,040483-20x-roi2.xml,040483-20x-roi2.jpg
040483-20x-roi3.hdr,040483-20x-roi3.raw,040483-20x-roi3.xml,040483-20x-roi3.jpg
040483-20x-roi6.hdr,040483-20x-roi6.raw,040483-20x-roi6.xml,040483-20x-roi6.jpg
040493-20x-roi1.hdr,040493-20x-roi1.raw,040493-20x-roi1.xml,040493-20x-roi1.jpg
040493-20x-roi2.hdr,040493-20x-roi2.raw,040493-20x-roi2.xml,040493-20x-roi2.jpg
040493-20x-roi3.hdr,040493-20x-roi3.raw,040493-20x-roi3.xml,040493-20x-roi3.jpg
040493-20x-roi4.hdr,040493-20x-roi4.raw,040493-20x-roi4.xml,040493-20x-roi4.jpg
040493-20x-roi6.hdr,040493-20x-roi6.raw,040493-20x-roi6.xml,040493-20x-roi6.jpg
040579-20x-roi1.hdr,040579-20x-roi1.raw,040579-20x-roi1.xml,040579-20x-roi1.jpg
040579-20x-roi2.hdr,040579-20x-roi2.raw,040579-20x-roi2.xml,040579-20x-roi2.jpg
040579-20x-roi6.hdr,040579-20x-roi6.raw,040579-20x-roi6.xml,040579-20x-roi6.jpg
040579-20x-roi7.hdr,040579-20x-roi7.raw,040579-20x-roi7.xml,040579-20x-roi7.jpg
040579-20x-roi8.hdr,040579-20x-roi8.raw,040579-20x-roi8.xml,040579-20x-roi8.jpg
040579_2-20x-roi10.hdr,040579_2-20x-roi10.raw,040579_2-20x-roi10.xml,040579_2-20x-roi10.jpg
040579_2-20x-roi2.hdr,040579_2-20x-roi2.raw,040579_2-20x-roi2.xml,040579_2-20x-roi2.jpg
040579_2-20x-roi3.hdr,040579_2-20x-roi3.raw,040579_2-20x-roi3.xml,040579_2-20x-roi3.jpg
040579_2-20x-roi4.hdr,040579_2-20x-roi4.raw,040579_2-20x-roi4.xml,040579_2-20x-roi4.jpg
040579_2-20x-roi5.hdr,040579_2-20x-roi5.raw,040579_2-20x-roi5.xml,040579_2-20x-roi5.jpg
040579_2-20x-roi6.hdr,040579_2-20x-roi6.raw,040579_2-20x-roi6.xml,040579_2-20x-roi6.jpg
040579_2-20x-roi8.hdr,040579_2-20x-roi8.raw,040579_2-20x-roi8.xml,040579_2-20x-roi8.jpg
041248-20x-roi1.hdr,041248-20x-roi1.raw,041248-20x-roi1.xml,041248-20x-roi1.jpg
041248-20x-roi2.hdr,041248-20x-roi2.raw,041248-20x-roi2.xml,041248-20x-roi2.jpg
041248-20x-roi4.hdr,041248-20x-roi4.raw,041248-20x-roi4.xml,041248-20x-roi4.jpg
041248-20x-roi6.hdr,041248-20x-roi6.raw,041248-20x-roi6.xml,041248-20x-roi6.jpg
041248-20x-roi7.hdr,041248-20x-roi7.raw,041248-20x-roi7.xml,041248-20x-roi7.jpg
041248_2-20x-roi1.hdr,041248_2-20x-roi1.raw,041248_2-20x-roi1.xml,041248_2-20x-roi1.jpg
041248_2-20x-roi2.hdr,041248_2-20x-roi2.raw,041248_2-20x-roi2.xml,041248_2-20x-roi2.jpg
041248_2-20x-roi3.hdr,041248_2-20x-roi3.raw,041248_2-20x-roi3.xml,041248_2-20x-roi3.jpg
041248_2-20x-roi4.hdr,041248_2-20x-roi4.raw,041248_2-20x-roi4.xml,041248_2-20x-roi4.jpg
041248_2-20x-roi5.hdr,041248_2-20x-roi5.raw,041248_2-20x-roi5.xml,041248_2-20x-roi5.jpg
041602-20x-roi1.hdr,041602-20x-roi1.raw,041602-20x-roi1.xml,041602-20x-roi1.jpg
041602-20x-roi10.hdr,041602-20x-roi10.raw,041602-20x-roi10.xml,041602-20x-roi10.jpg
041602-20x-roi2.hdr,041602-20x-roi2.raw,041602-20x-roi2.xml,041602-20x-roi2.jpg
041602-20x-roi3.hdr,041602-20x-roi3.raw,041602-20x-roi3.xml,041602-20x-roi3.jpg
041602-20x-roi8.hdr,041602-20x-roi8.raw,041602-20x-roi8.xml,041602-20x-roi8.jpg
041602_2-20x-roi1.hdr,041602_2-20x-roi1.raw,041602_2-20x-roi1.xml,041602_2-20x-roi1.jpg
041602_2-20x-roi2.hdr,041602_2-20x-roi2.raw,041602_2-20x-roi2.xml,041602_2-20x-roi2.jpg
041602_2-20x-roi3.hdr,041602_2-20x-roi3.raw,041602_2-20x-roi3.xml,041602_2-20x-roi3.jpg
041602_2-20x-roi4.hdr,041602_2-20x-roi4.raw,041602_2-20x-roi4.xml,041602_2-20x-roi4.jpg
041602_2-20x-roi5.hdr,041602_2-20x-roi5.raw,041602_2-20x-roi5.xml,041602_2-20x-roi5.jpg
041602_2-20x-roi6.hdr,041602_2-20x-roi6.raw,041602_2-20x-roi6.xml,041602_2-20x-roi6.jpg
041664-20x-roi1.hdr,041664-20x-roi1.raw,041664-20x-roi1.xml,041664-20x-roi1.jpg
041664-20x-roi10.hdr,041664-20x-roi10.raw,041664-20x-roi10.xml,041664-20x-roi10.jpg
041664-20x-roi2.hdr,041664-20x-roi2.raw,041664-20x-roi2.xml,041664-20x-roi2.jpg
041664-20x-roi3.hdr,041664-20x-roi3.raw,041664-20x-roi3.xml,041664-20x-roi3.jpg
041664-20x-roi4.hdr,041664-20x-roi4.raw,041664-20x-roi4.xml,041664-20x-roi4.jpg
041664-20x-roi5.hdr,041664-20x-roi5.raw,041664-20x-roi5.xml,041664-20x-roi5.jpg
041664-20x-roi6.hdr,041664-20x-roi6.raw,041664-20x-roi6.xml,041664-20x-roi6.jpg
041664-20x-roi9.hdr,041664-20x-roi9.raw,041664-20x-roi9.xml,041664-20x-roi9.jpg
041664_2-20x-roi1.hdr,041664_2-20x-roi1.raw,041664_2-20x-roi1.xml,041664_2-20x-roi1.jpg
041664_2-20x-roi2.hdr,041664_2-20x-roi2.raw,041664_2-20x-roi2.xml,041664_2-20x-roi2.jpg
041664_2-20x-roi4.hdr,041664_2-20x-roi4.raw,041664_2-20x-roi4.xml,041664_2-20x-roi4.jpg
041664_2-20x-roi5.hdr,041664_2-20x-roi5.raw,041664_2-20x-roi5.xml,041664_2-20x-roi5.jpg
041664_2-20x-roi6.hdr,041664_2-20x-roi6.raw,041664_2-20x-roi6.xml,041664_2-20x-roi6.jpg
041845-20x-roi1.hdr,041845-20x-roi1.raw,041845-20x-roi1.xml,041845-20x-roi1.jpg
041845-20x-roi10.hdr,041845-20x-roi10.raw,041845-20x-roi10.xml,041845-20x-roi10.jpg
041845-20x-roi2.hdr,041845-20x-roi2.raw,041845-20x-roi2.xml,041845-20x-roi2.jpg
041845-20x-roi4.hdr,041845-20x-roi4.raw,041845-20x-roi4.xml,041845-20x-roi4.jpg
041845-20x-roi5.hdr,041845-20x-roi5.raw,041845-20x-roi5.xml,041845-20x-roi5.jpg
041845-20x-roi6.hdr,041845-20x-roi6.raw,041845-20x-roi6.xml,041845-20x-roi6.jpg
041845-20x-roi7.hdr,041845-20x-roi7.raw,041845-20x-roi7.xml,041845-20x-roi7.jpg
041845-20x-roi8.hdr,041845-20x-roi8.raw,041845-20x-roi8.xml,041845-20x-roi8.jpg
041845-20x-roi9.hdr,041845-20x-roi9.raw,041845-20x-roi9.xml,041845-20x-roi9.jpg
041845_2-20x-roi1.hdr,041845_2-20x-roi1.raw,041845_2-20x-roi1.xml,041845_2-20x-roi1.jpg
041845_2-20x-roi2.hdr,041845_2-20x-roi2.raw,041845_2-20x-roi2.xml,041845_2-20x-roi2.jpg
041845_2-20x-roi4.hdr,041845_2-20x-roi4.raw,041845_2-20x-roi4.xml,041845_2-20x-roi4.jpg
041845_2-20x-roi5.hdr,041845_2-20x-roi5.raw,041845_2-20x-roi5.xml,041845_2-20x-roi5.jpg
041845_2-20x-roi6.hdr,041845_2-20x-roi6.raw,041845_2-20x-roi6.xml,041845_2-20x-roi6.jpg
042145-20x-roi1.hdr,042145-20x-roi1.raw,042145-20x-roi1.xml,042145-20x-roi1.jpg
042145-20x-roi10.hdr,042145-20x-roi10.raw,042145-20x-roi10.xml,042145-20x-roi10.jpg
042145-20x-roi2.hdr,042145-20x-roi2.raw,042145-20x-roi2.xml,042145-20x-roi2.jpg
042145-20x-roi3.hdr,042145-20x-roi3.raw,042145-20x-roi3.xml,042145-20x-roi3.jpg
042145-20x-roi4.hdr,042145-20x-roi4.raw,042145-20x-roi4.xml,042145-20x-roi4.jpg
042145-20x-roi6.hdr,042145-20x-roi6.raw,042145-20x-roi6.xml,042145-20x-roi6.jpg
042145-20x-roi8.hdr,042145-20x-roi8.raw,042145-20x-roi8.xml,042145-20x-roi8.jpg
042145-20x-roi9.hdr,042145-20x-roi9.raw,042145-20x-roi9.xml,042145-20x-roi9.jpg
042145_2-20x-roi3.hdr,042145_2-20x-roi3.raw,042145_2-20x-roi3.xml,042145_2-20x-roi3.jpg
042145_2-20x-roi5.hdr,042145_2-20x-roi5.raw,042145_2-20x-roi5.xml,042145_2-20x-roi5.jpg
042145_2-20x-roi6.hdr,042145_2-20x-roi6.raw,042145_2-20x-roi6.xml,042145_2-20x-roi6.jpg
042145_2-20x-roi7.hdr,042145_2-20x-roi7.raw,042145_2-20x-roi7.xml,042145_2-20x-roi7.jpg
042145_2-20x-roi8.hdr,042145_2-20x-roi8.raw,042145_2-20x-roi8.xml,042145_2-20x-roi8.jpg
042189c-20x-roi1.hdr,042189c-20x-roi1.raw,042189c-20x-roi1.xml,042189c-20x-roi1.jpg
042189c-20x-roi2.hdr,042189c-20x-roi2.raw,042189c-20x-roi2.xml,042189c-20x-roi2.jpg
042189c-20x-roi3.hdr,042189c-20x-roi3.raw,042189c-20x-roi3.xml,042189c-20x-roi3.jpg
042189c-20x-roi4.hdr,042189c-20x-roi4.raw,042189c-20x-roi4.xml,042189c-20x-roi4.jpg
042189c-20x-roi5.hdr,042189c-20x-roi5.raw,042189c-20x-roi5.xml,042189c-20x-roi5.jpg
042189c-20x-roi6.hdr,042189c-20x-roi6.raw,042189c-20x-roi6.xml,042189c-20x-roi6.jpg
042189c_2-20x-roi10.hdr,042189c_2-20x-roi10.raw,042189c_2-20x-roi10.xml,042189c_2-20x-roi10.jpg
042189c_2-20x-roi2.hdr,042189c_2-20x-roi2.raw,042189c_2-20x-roi2.xml,042189c_2-20x-roi2.jpg
042189c_2-20x-roi3.hdr,042189c_2-20x-roi3.raw,042189c_2-20x-roi3.xml,042189c_2-20x-roi3.jpg
042189c_2-20x-roi4.hdr,042189c_2-20x-roi4.raw,042189c_2-20x-roi4.xml,042189c_2-20x-roi4.jpg
042189c_2-20x-roi6.hdr,042189c_2-20x-roi6.raw,042189c_2-20x-roi6.xml,042189c_2-20x-roi6.jpg
042189c_2-20x-roi7.hdr,042189c_2-20x-roi7.raw,042189c_2-20x-roi7.xml,042189c_2-20x-roi7.jpg
042189c_2-20x-roi8.hdr,042189c_2-20x-roi8.raw,042189c_2-20x-roi8.xml,042189c_2-20x-roi8.jpg
042189c_2-20x-roi9.hdr,042189c_2-20x-roi9.raw,042189c_2-20x-roi9.xml,042189c_2-20x-roi9.jpg
042338-20x-roi2.hdr,042338-20x-roi2.raw,042338-20x-roi2.xml,042338-20x-roi2.jpg
042338-20x-roi3.hdr,042338-20x-roi3.raw,042338-20x-roi3.xml,042338-20x-roi3.jpg
042338-20x-roi4.hdr,042338-20x-roi4.raw,042338-20x-roi4.xml,042338-20x-roi4.jpg
042338-20x-roi5.hdr,042338-20x-roi5.raw,042338-20x-roi5.xml,042338-20x-roi5.jpg
042338-20x-roi6.hdr,042338-20x-roi6.raw,042338-20x-roi6.xml,042338-20x-roi6.jpg
042338b-20x-roi1.hdr,042338b-20x-roi1.raw,042338b-20x-roi1.xml,042338b-20x-roi1.jpg
042338b-20x-roi10.hdr,042338b-20x-roi10.raw,042338b-20x-roi10.xml,042338b-20x-roi10.jpg
042338b-20x-roi2.hdr,042338b-20x-roi2.raw,042338b-20x-roi2.xml,042338b-20x-roi2.jpg
042338b-20x-roi3.hdr,042338b-20x-roi3.raw,042338b-20x-roi3.xml,042338b-20x-roi3.jpg
042338b-20x-roi4.hdr,042338b-20x-roi4.raw,042338b-20x-roi4.xml,042338b-20x-roi4.jpg
042338b-20x-roi6.hdr,042338b-20x-roi6.raw,042338b-20x-roi6.xml,042338b-20x-roi6.jpg
042338b-20x-roi7.hdr,042338b-20x-roi7.raw,042338b-20x-roi7.xml,042338b-20x-roi7.jpg
042338b-20x-roi8.hdr,042338b-20x-roi8.raw,042338b-20x-roi8.xml,042338b-20x-roi8.jpg
042338b-20x-roi9.hdr,042338b-20x-roi9.raw,042338b-20x-roi9.xml,042338b-20x-roi9.jpg
042477-20x-roi1.hdr,042477-20x-roi1.raw,042477-20x-roi1.xml,042477-20x-roi1.jpg
042477-20x-roi4.hdr,042477-20x-roi4.raw,042477-20x-roi4.xml,042477-20x-roi4.jpg
042477-20x-roi5.hdr,042477-20x-roi5.raw,042477-20x-roi5.xml,042477-20x-roi5.jpg
042477-20x-roi6.hdr,042477-20x-roi6.raw,042477-20x-roi6.xml,042477-20x-roi6.jpg
042477_2-20x-roi2.hdr,042477_2-20x-roi2.raw,042477_2-20x-roi2.xml,042477_2-20x-roi2.jpg
042477_2-20x-roi3.hdr,042477_2-20x-roi3.raw,042477_2-20x-roi3.xml,042477_2-20x-roi3.jpg
042477_2-20x-roi5.hdr,042477_2-20x-roi5.raw,042477_2-20x-roi5.xml,042477_2-20x-roi5.jpg
042477_2-20x-roi6.hdr,042477_2-20x-roi6.raw,042477_2-20x-roi6.xml,042477_2-20x-roi6.jpg
045073-20x-roi2.hdr,045073-20x-roi2.raw,045073-20x-roi2.xml,045073-20x-roi2.jpg
045073-20x-roi7.hdr,045073-20x-roi7.raw,045073-20x-roi7.xml,045073-20x-roi7.jpg
045073-20x-roi9.hdr,045073-20x-roi9.raw,045073-20x-roi9.xml,045073-20x-roi9.jpg
045073_2-20x-roi1.hdr,045073_2-20x-roi1.raw,045073_2-20x-roi1.xml,045073_2-20x-roi1.jpg
045073_2-20x-roi2.hdr,045073_2-20x-roi2.raw,045073_2-20x-roi2.xml,045073_2-20x-roi2.jpg
045073_2-20x-roi3.hdr,045073_2-20x-roi3.raw,045073_2-20x-roi3.xml,045073_2-20x-roi3.jpg
045073_2-20x-roi4.hdr,045073_2-20x-roi4.raw,045073_2-20x-roi4.xml,045073_2-20x-roi4.jpg
045073_2-20x-roi6.hdr,045073_2-20x-roi6.raw,045073_2-20x-roi6.xml,045073_2-20x-roi6.jpg
045073_3-20x-roi4.hdr,045073_3-20x-roi4.raw,045073_3-20x-roi4.xml,045073_3-20x-roi4.jpg
045073a-20x-roi10.hdr,045073a-20x-roi10.raw,045073a-20x-roi10.xml,045073a-20x-roi10.jpg
045073a-20x-roi5.hdr,045073a-20x-roi5.raw,045073a-20x-roi5.xml,045073a-20x-roi5.jpg
045073a-20x-roi6.hdr,045073a-20x-roi6.raw,045073a-20x-roi6.xml,045073a-20x-roi6.jpg
045073a-20x-roi7.hdr,045073a-20x-roi7.raw,045073a-20x-roi7.xml,045073a-20x-roi7.jpg
045073a-20x-roi8.hdr,045073a-20x-roi8.raw,045073a-20x-roi8.xml,045073a-20x-roi8.jpg
045073a-20x-roi9.hdr,045073a-20x-roi9.raw,045073a-20x-roi9.xml,045073a-20x-roi9.jpg
